-- phpMyAdmin SQL Dump
-- version 5.2.1
-- https://www.phpmyadmin.net/
--
-- Servidor: 127.0.0.1
-- Tiempo de generaci贸n: 11-07-2025 a las 00:25:59
-- Versi贸n del servidor: 10.4.32-MariaDB
-- Versi贸n de PHP: 8.2.12

SET SQL_MODE = "NO_AUTO_VALUE_ON_ZERO";
START TRANSACTION;
SET time_zone = "+00:00";


/*!40101 SET @OLD_CHARACTER_SET_CLIENT=@@CHARACTER_SET_CLIENT */;
/*!40101 SET @OLD_CHARACTER_SET_RESULTS=@@CHARACTER_SET_RESULTS */;
/*!40101 SET @OLD_COLLATION_CONNECTION=@@COLLATION_CONNECTION */;
/*!40101 SET NAMES utf8mb4 */;

--
-- Base de datos: `plataforma_solicitudes_pago`
--

-- --------------------------------------------------------

--
-- Estructura de tabla para la tabla `ejecuciones_recurrentes`
--

CREATE TABLE `ejecuciones_recurrentes` (
  `id_ejecucion` int(11) NOT NULL,
  `id_recurrente` int(11) NOT NULL,
  `id_solicitud` int(11) NOT NULL,
  `fecha_ejecucion` datetime DEFAULT current_timestamp()
) ENGINE=InnoDB DEFAULT CHARSET=utf8mb4 COLLATE=utf8mb4_general_ci;

-- --------------------------------------------------------

--
-- Estructura de tabla para la tabla `notificaciones`
--

CREATE TABLE `notificaciones` (
  `id_notificacion` int(11) NOT NULL,
  `id_usuario` int(11) NOT NULL,
  `mensaje` text NOT NULL,
  `leida` tinyint(1) DEFAULT 0,
  `fecha_creacion` datetime DEFAULT current_timestamp()
) ENGINE=InnoDB DEFAULT CHARSET=utf8mb4 COLLATE=utf8mb4_general_ci;

--
-- Volcado de datos para la tabla `notificaciones`
--

INSERT INTO `notificaciones` (`id_notificacion`, `id_usuario`, `mensaje`, `leida`, `fecha_creacion`) VALUES
(3, 6, '? Nueva solicitud autorizada para pago.', 0, '2025-07-02 13:55:09'),
(5, 5, ' Nueva solicitud pendiente de aprobaci贸n.', 0, '2025-07-10 12:09:01'),
(6, 5, ' Nueva solicitud pendiente de aprobaci贸n.', 0, '2025-07-10 12:11:08'),
(7, 5, ' Nueva solicitud pendiente de aprobaci贸n.', 0, '2025-07-10 12:17:06'),
(8, 5, ' Nueva solicitud pendiente de aprobaci贸n.', 0, '2025-07-10 12:45:00'),
(9, 5, ' Nueva solicitud pendiente de aprobaci贸n.', 0, '2025-07-10 12:46:38'),
(10, 5, ' Nueva solicitud pendiente de aprobaci贸n.', 0, '2025-07-10 12:58:20'),
(11, 5, ' Nueva solicitud pendiente de aprobaci贸n.', 0, '2025-07-10 13:36:44'),
(12, 5, ' Nueva solicitud pendiente de aprobaci贸n.', 0, '2025-07-10 13:45:13'),
(13, 5, ' Nueva solicitud pendiente de aprobaci贸n.', 0, '2025-07-10 13:52:14'),
(14, 5, ' Nueva solicitud pendiente de aprobaci贸n.', 0, '2025-07-10 13:54:44'),
(15, 5, ' Nueva solicitud pendiente de aprobaci贸n.', 0, '2025-07-10 15:10:01');

-- --------------------------------------------------------

--
-- Estructura de tabla para la tabla `pagos_recurrentes`
--

CREATE TABLE `pagos_recurrentes` (
  `id_recurrente` int(11) NOT NULL,
  `id_usuario` int(11) NOT NULL,
  `departamento` enum('contabilidad','facturacion','cobranza','vinculacion','administracion','ti','automatizaciones','comercial','atencion a clientes','tesoreria','nomina') NOT NULL,
  `monto` decimal(10,2) NOT NULL,
  `cuenta_destino` varchar(100) NOT NULL,
  `concepto` text NOT NULL,
  `tipo_pago` enum('viaticos','efectivo','factura','nominas','tarjeta','proveedores','administrativos') NOT NULL,
  `frecuencia` enum('diario','semanal','quincenal','mensual') NOT NULL,
  `siguiente_fecha` date NOT NULL,
  `activo` tinyint(1) DEFAULT 1,
  `estado` enum('pendiente','aprobada','rechazada') DEFAULT 'pendiente'
) ENGINE=InnoDB DEFAULT CHARSET=utf8mb4 COLLATE=utf8mb4_general_ci;

-- --------------------------------------------------------

--
-- Estructura de tabla para la tabla `solicitudes_pago`
--

CREATE TABLE `solicitudes_pago` (
  `id_solicitud` int(11) NOT NULL,
  `id_usuario` int(11) NOT NULL,
  `departamento` enum('contabilidad','facturacion','cobranza','vinculacion','administracion','ti','automatizaciones','comercial','atencion a clientes','tesoreria','nomina') NOT NULL,
  `monto` decimal(10,2) NOT NULL,
  `cuenta_destino` varchar(100) NOT NULL,
  `factura_url` text DEFAULT NULL,
  `concepto` text NOT NULL,
  `tipo_pago` enum('viaticos','efectivo','factura','nominas','tarjeta','proveedores','administrativos') NOT NULL,
  `fecha_limite_pago` date NOT NULL,
  `estado` enum('pendiente','autorizada','rechazada','pagada') DEFAULT 'pendiente',
  `comentario_aprobador` text DEFAULT NULL,
  `fecha_creacion` datetime DEFAULT current_timestamp(),
  `id_aprobador` int(11) DEFAULT NULL,
  `id_pagador` int(11) DEFAULT NULL,
  `fecha_revision` datetime DEFAULT NULL,
  `fecha_pago` datetime DEFAULT NULL,
  `id_recurrente_origen` int(11) DEFAULT NULL
) ENGINE=InnoDB DEFAULT CHARSET=utf8mb4 COLLATE=utf8mb4_general_ci;

--
-- Volcado de datos para la tabla `solicitudes_pago`
--

INSERT INTO `solicitudes_pago` (`id_solicitud`, `id_usuario`, `departamento`, `monto`, `cuenta_destino`, `factura_url`, `concepto`, `tipo_pago`, `fecha_limite_pago`, `estado`, `comentario_aprobador`, `fecha_creacion`, `id_aprobador`, `id_pagador`, `fecha_revision`, `fecha_pago`, `id_recurrente_origen`) VALUES
(11, 20, 'cobranza', 12342.00, '12345678907', '/uploads/facturas/1752171068008-464643402.png', 'prueba ', 'efectivo', '2025-08-09', 'pendiente', NULL, '2025-07-10 12:11:08', NULL, NULL, NULL, NULL, NULL),
(12, 20, 'automatizaciones', 42.00, '3454765', '/uploads/facturas/1752171426628-537657791.pdf', 'XDDD', 'efectivo', '2025-07-23', 'pendiente', NULL, '2025-07-10 12:17:06', NULL, NULL, NULL, NULL, NULL),
(13, 20, 'automatizaciones', 1000.00, '1234567890', '/uploads/facturas/1752173100147-909676920.pdf', 'PRUEBA ', 'efectivo', '2025-08-09', 'pendiente', NULL, '2025-07-10 12:45:00', NULL, NULL, NULL, NULL, NULL),
(14, 20, 'ti', 2222222.00, '1234567890', '/uploads/facturas/1752173198561-209150711.png', '98765432', '', '2025-08-09', 'pendiente', NULL, '2025-07-10 12:46:38', NULL, NULL, NULL, NULL, NULL),
(15, 20, 'vinculacion', 10033.00, '1234567890', '/uploads/facturas/1752173900916-983062405.png', 'test ', 'efectivo', '2025-08-09', 'pendiente', NULL, '2025-07-10 12:58:20', NULL, NULL, NULL, NULL, NULL),
(17, 20, 'atencion a clientes', 1223344.00, '1234567890', '/uploads/facturas/1752176713500-269532798.png', 'test ', 'tarjeta', '2026-05-10', 'pendiente', NULL, '2025-07-10 13:45:13', NULL, NULL, NULL, NULL, NULL),
(18, 20, 'cobranza', 400.00, '76543', '/uploads/facturas/1752177133885-761981579.png', 'esa', '', '2025-07-12', 'pendiente', NULL, '2025-07-10 13:52:13', NULL, NULL, NULL, NULL, NULL),
(19, 20, 'comercial', 2000.00, '76543098765432198765432', '/uploads/facturas/1752185844451-591752214.pdf', '65432', 'nominas', '2025-07-12', 'pendiente', NULL, '2025-07-10 13:54:44', NULL, NULL, NULL, NULL, NULL);

-- --------------------------------------------------------

--
-- Estructura de tabla para la tabla `usuarios`
--

CREATE TABLE `usuarios` (
  `id_usuario` int(11) NOT NULL,
  `nombre` varchar(100) NOT NULL,
  `email` varchar(100) NOT NULL,
  `password` varchar(255) NOT NULL,
  `rol` enum('admin_general','solicitante','aprobador','pagador_banca') NOT NULL DEFAULT 'solicitante',
  `creado_en` timestamp NOT NULL DEFAULT current_timestamp(),
  `intentos_fallidos` int(11) DEFAULT 0,
  `bloqueado` tinyint(1) DEFAULT 0,
  `bloqueo_temporal_fin` datetime DEFAULT NULL,
  `bloqueo_temporal_activado` tinyint(1) NOT NULL DEFAULT 0
) ENGINE=InnoDB DEFAULT CHARSET=utf8mb4 COLLATE=utf8mb4_general_ci;

--
-- Volcado de datos para la tabla `usuarios`
--

INSERT INTO `usuarios` (`id_usuario`, `nombre`, `email`, `password`, `rol`, `creado_en`, `intentos_fallidos`, `bloqueado`, `bloqueo_temporal_fin`, `bloqueo_temporal_activado`) VALUES
(3, 'Leonardo Admin', 'admin@bechapra.com', '$2b$10$d0r2Uhx4p2CXuns3ib6J/.uzbZHUxZ0db0vCqeSR5cN8H0pooorOu', 'admin_general', '2025-06-17 19:32:30', 0, 0, NULL, 0),
(5, 'Aprobador Uno', 'aprobador@bechapra.com', '$2b$10$OFRyDdjyQlfAanLNzFXHR.mM/Tb6UCBp.q0xOujDbyDkurwhhcIqS', 'aprobador', '2025-06-17 19:32:30', 0, 0, NULL, 0),
(6, 'Pagador Uno', 'pagador@bechapra.com', '$2b$10$GxEQD8KJE.7j6Qvsh.GQMOooJWXclLYwX.NL/mmDKOKXdlXUr36EW', 'pagador_banca', '2025-06-17 19:32:30', 0, 0, NULL, 0),
(20, 'solicitante2', 'solicitante2@bechapra.com', '$2b$10$nr3BChbHInuAM8t2.7ppk.rz2i9XuVmYHdU5.1aQMGy0bGA5.LjUO', 'solicitante', '2025-07-08 19:13:17', 0, 0, NULL, 0),
(22, 'panchito', 'panchito@bechapra.com', '$2b$10$ai3Ulwj/MwHo3zb8uPQyludVuzkEf1KtwvvurJkJ/.h4w1jIfGuV.', 'solicitante', '2025-07-08 22:38:13', 0, 0, NULL, 0),
(23, 'luis enrike pe帽a nito', 'kike@bechapra.com', '$2b$10$jJRguLAQGsKbJi8zfZFfKOyINTnQDHThxDDvarxWqonbnBoHdjI1i', 'solicitante', '2025-07-09 19:18:52', 0, 0, NULL, 0),
(24, 'luis enrike pe帽a nieoto', 'kiike@bechapra.com', '$2b$10$Jnl6nV/NeiQE0tnQ3G5zMe/O2XXoA0a0Gb4kAI7cZ75w6gdDHR0qG', 'solicitante', '2025-07-09 19:19:42', 0, 0, NULL, 0),
(25, 'leonardo', 'leo@bechapra.com', '$2b$10$EescHmT8BKS63pocmipIOu47ST69Xud3/LKvVxyj7pg9zwt.QyRNC', 'solicitante', '2025-07-09 19:29:25', 0, 0, NULL, 0);

--
-- ndices para tablas volcadas
--

--
-- Indices de la tabla `ejecuciones_recurrentes`
--
ALTER TABLE `ejecuciones_recurrentes`
  ADD PRIMARY KEY (`id_ejecucion`),
  ADD KEY `id_recurrente` (`id_recurrente`),
  ADD KEY `id_solicitud` (`id_solicitud`);

--
-- Indices de la tabla `notificaciones`
--
ALTER TABLE `notificaciones`
  ADD PRIMARY KEY (`id_notificacion`),
  ADD KEY `notificaciones_ibfk_1` (`id_usuario`);

--
-- Indices de la tabla `pagos_recurrentes`
--
ALTER TABLE `pagos_recurrentes`
  ADD PRIMARY KEY (`id_recurrente`),
  ADD KEY `pagos_recurrentes_ibfk_1` (`id_usuario`);

--
-- Indices de la tabla `solicitudes_pago`
--
ALTER TABLE `solicitudes_pago`
  ADD PRIMARY KEY (`id_solicitud`),
  ADD KEY `id_aprobador` (`id_aprobador`),
  ADD KEY `id_pagador` (`id_pagador`),
  ADD KEY `solicitudes_pago_ibfk_1` (`id_usuario`);

--
-- Indices de la tabla `usuarios`
--
ALTER TABLE `usuarios`
  ADD PRIMARY KEY (`id_usuario`),
  ADD UNIQUE KEY `email` (`email`);

--
-- AUTO_INCREMENT de las tablas volcadas
--

--
-- AUTO_INCREMENT de la tabla `ejecuciones_recurrentes`
--
ALTER TABLE `ejecuciones_recurrentes`
  MODIFY `id_ejecucion` int(11) NOT NULL AUTO_INCREMENT;

--
-- AUTO_INCREMENT de la tabla `notificaciones`
--
ALTER TABLE `notificaciones`
  MODIFY `id_notificacion` int(11) NOT NULL AUTO_INCREMENT, AUTO_INCREMENT=16;

--
-- AUTO_INCREMENT de la tabla `pagos_recurrentes`
--
ALTER TABLE `pagos_recurrentes`
  MODIFY `id_recurrente` int(11) NOT NULL AUTO_INCREMENT, AUTO_INCREMENT=7;

--
-- AUTO_INCREMENT de la tabla `solicitudes_pago`
--
ALTER TABLE `solicitudes_pago`
  MODIFY `id_solicitud` int(11) NOT NULL AUTO_INCREMENT, AUTO_INCREMENT=21;

--
-- AUTO_INCREMENT de la tabla `usuarios`
--
ALTER TABLE `usuarios`
  MODIFY `id_usuario` int(11) NOT NULL AUTO_INCREMENT, AUTO_INCREMENT=26;

--
-- Restricciones para tablas volcadas
--

--
-- Filtros para la tabla `ejecuciones_recurrentes`
--
ALTER TABLE `ejecuciones_recurrentes`
  ADD CONSTRAINT `ejecuciones_recurrentes_ibfk_1` FOREIGN KEY (`id_recurrente`) REFERENCES `pagos_recurrentes` (`id_recurrente`) ON DELETE CASCADE,
  ADD CONSTRAINT `ejecuciones_recurrentes_ibfk_2` FOREIGN KEY (`id_solicitud`) REFERENCES `solicitudes_pago` (`id_solicitud`) ON DELETE CASCADE;

--
-- Filtros para la tabla `notificaciones`
--
ALTER TABLE `notificaciones`
  ADD CONSTRAINT `notificaciones_ibfk_1` FOREIGN KEY (`id_usuario`) REFERENCES `usuarios` (`id_usuario`) ON DELETE CASCADE;

--
-- Filtros para la tabla `pagos_recurrentes`
--
ALTER TABLE `pagos_recurrentes`
  ADD CONSTRAINT `pagos_recurrentes_ibfk_1` FOREIGN KEY (`id_usuario`) REFERENCES `usuarios` (`id_usuario`) ON DELETE CASCADE;

--
-- Filtros para la tabla `solicitudes_pago`
--
ALTER TABLE `solicitudes_pago`
  ADD CONSTRAINT `solicitudes_pago_ibfk_1` FOREIGN KEY (`id_usuario`) REFERENCES `usuarios` (`id_usuario`) ON DELETE CASCADE,
  ADD CONSTRAINT `solicitudes_pago_ibfk_2` FOREIGN KEY (`id_aprobador`) REFERENCES `usuarios` (`id_usuario`),
  ADD CONSTRAINT `solicitudes_pago_ibfk_3` FOREIGN KEY (`id_pagador`) REFERENCES `usuarios` (`id_usuario`);
COMMIT;

/*!40101 SET CHARACTER_SET_CLIENT=@OLD_CHARACTER_SET_CLIENT */;
/*!40101 SET CHARACTER_SET_RESULTS=@OLD_CHARACTER_SET_RESULTS */;
/*!40101 SET COLLATION_CONNECTION=@OLD_COLLATION_CONNECTION */;
